-8.338725346202,4.166921587498
-7.097992583717,-1.142485287567
-6.434373063631,7.161978582650
-9.048879795750,0.318865798766
-4.875891823888,2.277501869198
-7.522491242401,-4.619443235420
-3.492301042957,-2.752899156742
-2.431158724490,5.777375832679
-5.334609737983,-1.252122247114
-0.562693860004,1.348509549204
-3.808221184634,-6.190431281299
0.364967387458,-4.235925012950
-7.322681290663,-0.247312378237
-5.699423396088,-5.302448186720
-5.018829912830,3.004846214997
-3.335420362311,-1.664061450928
-8.317356447816,-0.130222264386
-2.100479066116,-6.848729686587
-6.790967854662,-5.068531427353
-1.886675539409,1.056103530007
-6.129474846536,3.237098682952
-8.254014617256,-4.170355034772
0.164015530682,-3.259821323236
-4.603086293188,-1.701210351234
1.722226289547,-8.482762447817
-3.076697700034,-6.639519514201
0.920954940122,4.619413675639
2.441109462880,2.745457779498
-0.747345828954,0.494517419619
3.334663677469,3.781977264744
-1.073258278550,4.904210249649
-8.260533539864,0.728267875647
-7.934620862454,-3.681425099781
-3.592643180823,0.357788927064
3.886524782328,1.509574415619
7.968534288751,4.797034260744
3.560612332732,5.919267245648
-6.655539133139,-0.746305923413
-2.478620180607,2.361280492513
-6.981451617908,3.663386838980
-3.626662928582,1.743324871647
0.379483714935,1.300218741569
2.607443088186,-1.425544693113
6.322415447290,1.801350749281
1.625085050390,-2.113811021813
0.967746455802,6.547940133839
1.293658943117,2.138247380554
-6.219528767793,2.371997836582
5.668203913871,-1.241378651016
5.601617067084,7.562997129839
5.927529554399,3.153304376553
-4.554601916110,-2.294886891031
-4.940446883557,5.307116723170
-4.614534396241,0.897423969885
-5.667667472840,0.099594765314
-1.585658156511,3.387054832581
-1.732988445953,-0.375860829672
4.322535147674,4.627878175613
4.029891245747,0.075668637272
0.027190267851,-0.033368619700
-0.298722219464,4.376324133585
1.703216375758,0.968025150495
5.785225654368,4.255485141018
1.377303704481,5.377718118757
-5.769850722560,-0.483388399481
-6.077224905480,1.269816995373
-5.751312424297,-3.139875750747
-1.300992698333,0.139236797394
6.057433848983,1.287566177165
6.392094382711,-3.011511957005
5.731521361668,5.697258930450
1.742282552607,6.020054094520
2.125345157205,1.644683324545
4.207553164419,-2.403290517952
3.418308438833,7.021448002947
3.744220926148,2.611755249662
-8.390437834448,2.594006075035
-8.064525347133,-1.815686678250
-4.036220177261,2.913546886729
7.427358705231,2.564996281818
-1.611245399958,-4.758163226777
-2.360194253316,3.914940871900
9.273763629223,1.532076917562
8.307234875767,0.389904302353
9.033978919929,0.173135931695
3.974296348650,5.426684690003
-0.780533169211,-5.974784291438
-3.214108872300,-0.982136418744
-5.488458798866,3.980190248729
8.580282843602,-4.548412376304
6.256073526592,0.416314790484
4.216837478789,6.125656897384
-0.841794902670,-5.388167367674
2.686268661145,-4.005056746474
-2.530242434192,-3.821113272573
4.797014648939,3.860104995248
3.547749558832,-2.151717824298
-1.668761682176,-1.967774809527
3.074053004157,0.153427601958
1.517719886456,-5.731880788764
-3.453169239745,-5.590022667736
-2.142458111217,0.337371084873
5.184798991952,8.018589343680
-1.280977339163,2.190709538905
-0.031712249056,8.202532358452
0.323207050760,-8.002234015103
6.705142300286,-3.911069670546
5.768125252592,-6.077522384664
5.939158270435,-7.553981359423
6.839018151283,-1.817899318642
-1.752170888501,-6.125914994544
-2.859740190174,-8.213941234209
-6.682992063407,-6.008270302242
3.631158639523,2.006421892576
8.815888288081,3.954092071176
7.954407516027,2.100753617143
7.700498918415,0.035439143458
-5.821511306469,-4.154931847263
-5.687635565990,-2.061761964447
-4.826154673224,-0.208423034204
7.092926623261,0.247414686900
6.238735723004,-1.342608798856
-6.295207735510,-1.849785952864
-7.250830821369,-5.476668589927
-6.549116333122,-3.915100426548
3.157462210482,4.311567786975
8.088283246311,4.193923492836
0.746359437386,5.897731103678
-4.184461873349,6.015375320716
-4.438370345327,3.950061315174
-5.057131268651,6.566397232766
-0.216827941273,5.625402621580
6.662520686081,-5.494813638143
-6.558461036527,4.905358996526
-9.565060000284,1.682492637619
-6.240210033507,0.343835883940
0.370280679648,-4.856250238139
-2.866180115304,3.498410793889
-4.558503582934,-3.538580448658
3.339139795373,-4.161570961395
-3.271351068680,1.038515184926
0.729935066883,-6.417618705892
-5.880555646272,-1.217532583813
-0.812990778703,-2.177065332281
-7.423481494854,3.023020776411
-7.438995776394,-3.017757393994
0.810548122282,-0.894692226014
-8.806541850928,1.082527927670
1.250815569460,3.066865774666
-0.388237469708,-4.256285528190
-6.998728333760,0.943800618131
-3.625249061604,4.360766719408
2.932522017989,-0.815550217845
4.219674685184,3.761545051409
-2.216042958866,8.682109902916
0.093433512581,2.705427093081
5.160998368067,1.745894354119
6.784537281136,3.028267450881
5.214756634925,7.056670882115
-2.832552696618,5.005487616011
0.492297270159,3.666830862331
9.692387946640,-0.538593610185
4.043509169472,7.008004681235
2.174003720732,-0.215585470267
-4.436486987880,4.984500640366
7.462442370549,-3.094623727501
-5.758539051218,7.305548505210
-0.690974191188,6.346015754802
1.153671737381,7.561532484347
4.536456161350,-0.794563204571
-2.074034547262,4.405522906061
-2.546271232212,9.250222377567
3.121789137573,7.660895690504
1.415485425975,0.384379605952
-0.906858477510,5.647234033631
-2.588283706376,-1.653092156892
1.834972231625,4.645269546077
-2.984610110105,6.206043096122
-4.635417534730,-1.118473378851
3.614126220590,1.004591815312
-0.996669319334,-7.214654148308
2.537177011554,-2.456946567363
5.493667510250,-2.626237094047
-8.531192148614,3.322298719839
-5.499017913515,1.712353553486
1.111472942998,-3.487732594775
-3.876899389917,-1.718438077354
2.733591330778,-6.918524197492
-0.116134429522,0.708461864496
-6.542031549619,6.117552122637
-0.334784209872,1.941626733015
-1.997358236074,-5.349266958590
-2.466267111321,6.869988932131
2.097089768936,2.204521599540
5.735837984332,-3.891659169917
2.520587336892,6.073721530006
9.269684315220,0.866048411028
-1.805721493677,6.653576260826
4.902741746647,1.069938111550
2.855607913749,1.604556901037
-3.710261415853,6.754897598085
6.616372874144,4.031456842887
0.223624772615,9.424210780336
8.511166165864,1.466013120977
1.900675301812,6.666099267298
6.441684811460,5.096262401002
4.735149067592,-2.026271980199
3.122564507497,9.231718908117
-0.614315509815,-0.838954190639
0.621740820874,-5.372576290915
2.716382603824,-4.811529960665
0.798935150495,-2.114409958873
-6.360211535312,-6.966227397908
-2.886151686559,-4.658166927038
0.986223484804,-6.922004225126
3.575764418042,3.244759776603
7.084453215494,5.491971633963
4.811820744599,-1.288862330843
4.193792618780,0.977948759219
6.906462527549,-0.727816000594
-2.434006236669,-2.943710632796
5.493211729157,0.547639606963
1.303928237664,-0.574452964025
3.150013974768,-3.314506824839
-4.122208013116,-0.124544819593
-8.311491508741,-1.246637397750
-7.203407743048,-1.924898421338
1.659113393311,8.903501163251
2.276345169583,3.675068768182
-1.231547203402,4.389478288507
-7.592988031506,0.495140517657
1.546806544351,-4.162939803013
-1.961085812590,-3.448530276724
1.968510989201,-2.763000361279
-0.043638359261,-6.145650278516
5.736886472208,-0.079225835771
2.228994111634,0.635183686290
-3.878533277831,-0.751410273725
-9.012723314798,-1.991551516182
-1.184196141321,7.429363377569
-1.278898261352,1.349593206615
-0.795371439803,2.907636751516
-1.326622390222,-3.975661877498
-1.357236324446,-2.718079621811
-2.603450646269,7.427775251666
-8.979436818035,3.720680644914
-0.593120906697,8.240582802201
2.323215752631,5.196220818209
-7.687124427307,1.573418304063
2.342415359055,7.516901439327
-4.110729491941,1.459925004091
-6.973025168747,4.539561663816
-1.753405972500,5.849648670823
-1.035388434886,8.809718234114
1.050103158400,9.664163449612
-7.415292695633,5.108697093257
3.906559481456,8.904917887671
-0.461093776253,3.702386667932
-8.922571551476,-0.859153160175
0.256923767072,6.662456221357
-6.837079759249,-0.004708266914
-3.260684823883,-0.118201566887
-3.900723469174,3.893663060957
-7.183031182941,2.105823566506
-1.819419534841,8.118746744583
-5.193035669828,6.040925071242
0.322937333872,4.393358163320
-3.050678801116,2.315536489980
3.696553281649,6.471180136650
3.077725023406,-2.629897024609
9.706883814817,0.351732350347
4.227191917895,2.015898384450
2.917745479222,5.462758414979
5.896765682042,-5.367883868729
2.118220899180,-5.021015601999
8.747379759607,-2.039385896517
1.190290187704,-1.345649340033
1.993571999107,3.062078398411
6.877931186849,1.437828788214
7.805861900626,-2.237537462734
0.248772393138,-1.543800597759
-2.578342636606,0.653109333940
4.978746937597,-0.040627211527
8.811011091900,2.403498176434
5.852849208180,5.120727196621
4.958922995047,-3.344408020258
0.240698022030,-2.084877510180
2.106351654528,-1.157337116905
7.689680619484,3.119224831174
7.573011949573,5.174498778196
-4.927656447180,-4.637539601865
-7.381620737781,-4.092041727592
-4.884502985406,-2.992357118105
-5.382999267161,-7.260351053299
-5.062697110729,0.587900883053
-4.330843836152,-5.204552149387
-8.232114714090,-2.379932812764
-6.609421821545,1.585251595599
6.582384792695,7.016116271833
-1.643829567732,9.125397908989
